"";"A.Sapkowski_Miecz_przeznaczenia_fragment";"A.Sapkowski_Ostatnie_¿yczenie_fragment";"A.Sapkowski_Pani_Jeziora_fragment";"A.Sapkowski_Wie¿a_Jaskó³ki_fragment";"Bhagawatam_Œrimad_Damodara_lila_fragment";"C.Sagan_Kontakt_fragment";"C.Sagan_Kontakt_fragment2";"C.Sagan_Miliardy_Miliardy";"C.Sagan_Swiat_nawiedzany_przez_demony_fragment";"J.R.R.Tolkien_Dwie-Wie¿e_fragment";"J.R.R.Tolkien_Hobbit_fragment";"J.R.R.Tolkien_Powrót-Króla_fragment";"J.R.R.Tolkien_Wyprawa_frament";"Komentarz_do_Ewangelii_wg_Œw._Mateusza_fragment";"£.Siatkowski_Opowieœci_biblijne_fragment";"P.Skarga_¯ywoty_Pañskich_Œwiêtych";"S.Lem_Czlowiek_z_Marsa_fragment";"S.Lem_Odruch_warunkowy";"S.Lem_Pokoj_na_Ziemi_fragment";"S.Lem_Powrot_z_Gwiazd_frament"
"albowiem";1;0;0;0;0;0;0;0;0;0;0;0;1;0;3;0;0;0;0;0
"bardziej";0;0;0;1;0;1;0;0;2;0;0;0;0;4;0;2;0;0;0;0
"bezpoœredni";0;0;0;0;0;0;0;0;1;0;0;0;0;0;0;0;1;0;0;0
"bia³a";1;0;0;0;0;0;0;0;0;0;0;0;1;0;0;0;0;0;0;0
"bia³y";0;0;0;1;0;0;0;0;0;0;2;0;0;0;0;1;0;0;0;0
"biegaæ";0;0;0;1;1;0;0;0;0;0;0;0;0;0;0;0;0;0;0;0
"biodro";0;1;0;0;1;0;0;0;0;0;0;0;0;0;0;0;0;0;0;0
"blask";0;1;0;0;0;0;0;0;0;0;1;0;0;0;0;0;0;0;0;0
"bliski";0;0;0;0;1;0;0;0;0;1;0;0;0;0;0;1;0;1;0;1
"b³yszczeæ";0;0;0;1;0;0;0;0;0;0;0;0;1;0;0;0;0;0;0;0
"bolesny";0;0;0;0;0;0;0;1;0;0;0;0;0;0;0;1;0;0;0;0
"bo¿e";0;0;0;0;0;0;0;0;0;0;0;0;0;0;3;1;0;0;0;0
"bóg";0;0;0;0;0;0;0;0;0;0;0;0;0;0;5;4;0;0;0;0
"ból";0;0;0;0;0;0;1;0;0;0;0;1;0;0;0;0;0;0;0;0
"braæ";0;0;0;1;1;0;0;0;0;0;0;0;0;1;0;0;0;0;0;0
"broniæ";0;0;0;0;0;0;1;2;0;0;0;0;0;0;0;0;0;0;0;1
"brzeg";1;0;2;0;0;0;0;0;0;0;1;1;0;0;0;0;0;0;1;2
"brzmi¹cy";1;0;0;0;0;0;0;0;0;0;1;0;0;0;0;0;0;0;0;0
"ca³kowity";0;0;0;0;0;0;1;0;0;0;0;0;0;0;1;0;0;0;0;0
"ca³y";0;0;0;0;2;0;2;1;0;0;0;0;0;2;6;2;0;1;0;0
"chcieæ";1;0;0;0;0;0;2;0;0;0;0;0;0;0;0;0;0;0;0;2
"chêæ";0;0;0;0;0;1;0;1;0;0;0;0;0;0;0;0;0;0;0;0
"chêtny";0;0;0;0;0;0;0;1;0;1;0;0;0;0;0;0;0;0;0;0
"chleb";0;0;0;0;0;0;0;0;0;1;0;0;0;0;4;0;0;0;0;0
"ch³odny";1;1;0;0;0;0;0;0;0;0;0;0;0;0;0;0;0;0;0;1
"chocia¿";0;0;0;0;1;0;0;0;0;0;0;0;0;0;0;0;0;0;2;0
"choæby";0;0;0;0;0;0;1;1;0;0;0;0;0;0;0;0;1;0;0;0
"chodziæ";0;0;1;0;0;0;0;0;0;0;1;0;0;0;1;0;3;0;0;0
"chwila";0;0;0;1;0;0;0;0;0;0;0;0;0;0;0;0;1;0;0;0
"chwilê";0;0;0;0;0;0;0;0;0;1;0;1;0;0;0;0;0;0;0;0
"cia³o";0;0;0;0;0;0;0;0;0;0;0;0;0;0;0;1;0;0;1;0
"ci¹gn¹æ";1;0;0;0;0;0;0;0;0;0;1;1;0;0;0;0;0;0;0;0
"cichy";0;1;1;1;0;0;0;0;1;0;0;0;0;0;0;0;0;0;0;1
"ciebie";0;0;0;0;0;0;2;0;0;0;0;0;0;0;3;0;0;0;0;0
"ciemno";0;0;0;0;0;0;0;0;0;0;1;1;0;0;0;0;0;0;0;2
"ciemny";0;1;1;0;1;0;0;0;0;0;2;1;0;0;1;0;0;0;0;0
"cierpienie";0;0;0;0;0;0;1;1;0;0;0;0;0;0;0;0;0;0;1;0
"ciê";0;0;0;1;0;0;2;0;0;0;0;0;0;1;1;0;0;0;0;0
"ciê¿ki";0;0;0;1;1;0;0;0;0;0;0;0;0;0;0;0;0;0;0;0
"cokolwiek";0;0;0;0;1;0;1;0;0;0;0;0;0;0;0;0;0;0;0;1
"córka";0;0;0;0;0;0;1;0;0;0;0;0;0;0;1;0;0;0;0;0
"czarny";0;0;0;1;0;0;0;0;0;0;3;0;0;0;0;0;0;0;1;0
"czary";0;0;1;0;0;0;0;0;0;0;1;0;0;0;0;0;0;0;0;0
"czas";1;0;0;1;2;0;1;1;0;0;0;0;0;0;2;1;0;4;0;0
"czerwone";0;0;0;0;1;0;0;0;0;0;1;0;0;0;0;0;0;0;0;0
"czêœæ";0;0;1;0;0;0;0;1;0;0;0;0;0;0;0;0;0;0;0;0
"cz³owiek";0;0;0;1;0;0;1;1;0;0;0;0;0;1;4;0;0;1;0;0
"czo³o";0;0;0;0;0;0;0;0;0;0;0;0;1;0;0;0;0;1;0;0
"czterdzieœci";0;0;0;0;0;0;0;0;0;0;0;0;0;0;1;0;0;1;0;0
"cztery";0;0;0;0;0;0;0;0;0;0;1;0;0;1;0;0;0;0;0;0
"czuæ";1;0;0;0;0;0;0;0;0;0;0;0;0;0;0;0;0;0;1;0
"czym";1;0;1;0;0;0;0;0;1;0;1;0;0;0;1;0;0;0;0;0
"czyn";0;0;0;0;1;0;0;0;0;0;0;0;0;0;0;1;0;0;0;0
"czyniæ";0;0;0;1;0;1;0;1;0;0;0;0;0;0;0;0;0;0;0;0
"czytaæ";0;0;0;0;0;0;1;0;0;0;0;0;0;0;0;0;0;1;0;0
"daæ";0;0;0;0;1;0;0;0;0;0;0;0;0;0;1;0;0;0;0;0
"dalej";0;0;0;0;0;0;1;0;0;0;0;0;0;1;0;0;0;0;1;0
"daleki";0;0;1;0;0;0;0;0;0;0;2;0;0;0;1;0;1;0;1;0
"dalszy";0;0;0;0;1;0;0;0;0;0;0;0;0;0;1;0;0;0;0;0
"deszcz";0;0;0;1;1;0;0;0;0;0;0;0;0;0;0;0;0;0;0;0
"d³oñ";0;1;1;0;0;0;0;0;0;0;0;0;0;0;0;0;0;0;0;0
"d³ugi";0;0;0;0;0;0;0;1;0;0;2;0;0;0;2;2;0;0;1;0
"dnia";0;0;0;1;2;0;0;0;0;1;0;0;0;0;0;2;0;0;0;0
"dno";0;1;0;0;1;0;0;0;0;0;0;0;0;0;0;0;0;0;0;1
"dobry";0;0;0;1;0;0;0;1;0;0;0;0;0;0;0;1;0;0;0;0
"dobrze";0;0;1;0;0;1;0;0;0;1;0;0;0;0;0;0;0;2;1;0
"dochodziæ";0;0;1;0;0;0;0;0;0;0;1;0;0;0;0;0;1;1;0;0
"dok³adny";0;0;0;0;0;1;0;0;0;0;0;0;0;0;0;0;1;0;0;0
"dokonaæ";0;0;0;0;0;0;0;1;2;0;0;0;0;0;0;0;0;0;0;0
"doktora";0;0;0;0;0;1;0;0;0;0;0;0;0;0;0;0;1;0;0;0
"dolina";1;0;2;0;0;0;0;0;0;0;0;0;0;0;1;0;0;0;0;0
"domu";0;0;0;0;0;0;0;0;0;0;3;0;0;0;4;0;1;0;0;1
"doniesienie";0;0;0;0;0;0;0;0;2;0;0;0;0;0;0;1;0;0;0;0
"donieœæ";0;0;0;1;0;0;0;0;0;0;0;0;0;1;0;0;0;0;0;0
"dooko³a";0;0;0;1;1;0;0;0;0;0;0;0;0;0;0;0;0;0;0;0
"doœæ";0;0;0;2;0;0;0;0;0;1;0;0;0;0;0;0;0;1;1;1
"dot¹d";0;0;0;0;0;0;0;0;0;0;0;0;1;0;0;0;0;0;1;0
"dotkn¹æ";0;1;0;0;0;0;0;1;0;0;0;0;0;0;1;0;0;0;0;0
"dotrzeæ";0;0;0;0;0;0;0;0;0;0;1;1;0;0;1;0;0;0;0;0
"dotykaæ";0;0;0;1;0;0;0;0;0;0;0;0;0;0;0;0;1;0;0;0
"dowódca";0;0;0;0;0;0;0;0;0;0;0;1;0;0;1;0;0;0;0;0
"dó³";1;0;2;0;0;0;0;0;0;0;0;0;0;0;0;0;0;0;0;0
"drewniany";0;0;0;1;0;0;0;0;0;0;2;0;0;0;0;0;0;0;0;0
"drogi";0;0;0;0;0;0;0;0;0;1;2;1;0;0;0;0;0;0;0;0
"drugi";1;0;2;1;0;0;0;6;0;0;0;1;0;0;4;1;0;1;0;2
"drzewo";0;0;0;0;0;0;0;0;0;2;1;0;0;0;0;0;0;0;0;0
"dr¿eæ";0;0;0;1;0;0;0;0;0;0;0;0;0;0;0;0;0;0;0;3
"dusza";0;0;0;0;0;0;0;0;0;0;0;0;0;0;3;1;0;0;0;0
"du¿y";0;0;0;0;1;1;0;1;0;0;2;0;0;0;0;0;0;1;0;0
"dwa";0;0;0;0;1;0;0;1;0;0;1;0;0;0;0;0;0;0;0;0
"dwie";0;0;0;0;0;1;0;0;0;0;1;0;0;0;0;0;0;0;0;0
"dwoma";0;0;0;0;0;0;0;0;0;0;0;0;0;0;1;0;0;1;0;0
"dwóch";0;0;0;0;0;0;0;1;0;0;0;0;0;2;0;1;0;0;0;0
"dzieci";0;0;0;1;0;0;0;1;0;0;0;0;0;0;0;1;0;0;0;0
"dzieciñstwo";0;0;0;0;0;0;0;0;1;0;0;0;0;0;1;0;0;0;0;0
"dzieñ";0;0;0;0;0;0;1;0;0;0;1;0;1;0;10;2;0;0;0;0
"dziesiêæ";0;0;1;0;0;0;0;0;0;0;0;0;0;0;0;0;0;1;0;0
"dziewczyna";1;2;3;1;0;0;0;0;0;0;0;0;0;0;0;0;0;0;0;0
"dziœ";0;0;0;1;0;0;1;0;0;0;0;0;1;0;0;0;0;0;0;0
"dziwny";1;0;0;0;0;0;0;0;0;0;1;0;0;0;0;0;0;1;0;1
"dŸwiêk";0;1;1;1;0;0;0;0;0;0;0;0;0;0;0;0;0;0;0;0
"elektryczny";0;0;0;0;0;0;0;0;0;0;0;0;0;0;0;0;1;1;0;0
"emocjonalny";0;0;0;0;0;1;0;0;1;0;0;0;0;0;0;0;0;0;0;0
"fakt";1;0;0;1;0;0;0;1;2;0;0;0;0;1;0;0;1;0;0;0
"fala";1;0;1;0;0;0;0;0;0;0;0;0;0;0;1;0;1;0;0;1
"falowaæ";0;1;0;0;0;0;0;0;0;0;0;0;0;0;0;0;1;0;0;0
"fa³szywy";0;0;0;0;1;0;0;0;1;0;0;0;0;0;0;0;0;0;0;0
"fotel";0;0;0;0;0;0;0;0;0;0;1;0;0;0;0;0;0;0;1;0
"frodo";0;0;0;0;0;0;0;0;0;1;0;1;0;0;0;0;0;0;0;0
"garnek";0;0;0;0;1;0;0;0;0;0;0;0;0;0;1;0;0;0;0;0
"g³az";0;0;4;0;0;0;0;0;0;0;0;0;0;0;0;0;0;0;1;0
"g³êboki";0;0;1;0;0;0;0;1;0;0;0;0;0;0;0;0;0;1;0;0
"g³os";0;0;1;1;0;0;0;0;0;0;2;0;1;0;0;0;0;0;0;1
"g³owa";0;1;1;1;0;1;0;0;0;0;0;0;1;0;2;0;0;0;2;0
"g³ód";0;0;0;0;1;0;0;0;0;0;0;0;0;0;1;0;0;0;0;0
"gor¹cy";0;0;0;0;1;0;0;0;0;0;0;0;0;0;0;1;0;0;0;1
"gotowaæ";0;0;0;0;2;0;0;0;0;0;0;0;0;0;2;0;0;0;0;0
"góra";0;0;0;0;1;0;0;0;0;0;3;0;0;0;0;0;0;0;0;1
"grzbiet";0;0;2;0;0;0;0;0;0;0;1;0;0;0;0;0;0;0;1;0
"grzech";0;0;0;0;0;0;0;1;0;0;0;0;0;0;2;0;0;0;0;0
"historia";0;0;0;0;1;0;0;1;1;0;2;0;0;1;0;0;0;0;0;0
"hobbit";0;0;0;0;0;0;0;0;0;2;2;1;2;0;0;0;0;0;0;0
"idŸ";0;0;0;0;0;0;0;0;0;0;0;0;0;1;1;0;0;0;0;0
"imiê";0;0;0;0;0;0;0;0;0;0;0;0;0;2;1;1;0;0;0;0
"inny";0;0;0;1;2;1;0;1;2;0;1;0;0;3;1;1;1;1;0;0
"istnieæ";0;0;0;0;0;0;0;1;1;0;0;0;0;0;0;0;0;0;0;0
"istny";0;0;0;0;0;0;0;0;0;0;0;0;0;0;1;1;0;0;0;0
"istota";0;0;0;0;0;1;0;0;4;0;0;0;0;0;0;0;0;0;0;0
"iœæ";0;0;1;1;0;0;1;0;0;0;0;0;0;0;0;0;0;0;0;1
"jaka";0;0;0;0;0;1;1;0;0;0;0;0;0;0;0;0;0;0;0;0
"jakby";0;1;1;0;0;0;0;0;0;0;1;0;0;0;2;0;3;0;1;1
"jaki";0;1;0;0;0;0;1;0;0;0;1;0;0;0;4;0;1;0;0;0
"jakiœ";1;0;0;0;0;0;0;0;0;0;0;0;0;0;0;0;0;0;1;0
"jakoœ";0;0;0;0;0;0;0;0;0;1;0;0;0;0;0;0;0;0;0;1
"jasnoœæ";0;1;0;0;0;0;0;0;0;0;0;0;0;0;0;1;0;0;0;0
"jeden";0;0;0;1;0;1;0;1;0;0;0;0;0;2;7;0;0;0;1;0
"jednaæ";0;0;0;0;0;0;0;0;0;0;1;0;0;0;0;0;1;1;0;0
"jednego";0;0;1;0;0;0;0;0;0;0;0;0;0;1;1;0;0;0;0;0
"jednia";0;0;0;0;0;0;0;1;0;0;0;1;0;0;0;0;0;0;0;0
"jedyny";1;1;0;0;2;0;0;2;0;0;0;0;0;0;0;0;0;0;0;0
"jestem";0;0;0;0;0;0;0;0;1;0;0;0;0;1;0;0;1;0;2;0
"jesteœ";0;0;0;0;0;0;1;0;0;0;0;0;0;0;3;0;0;0;0;0
"jesteœmy";0;0;0;0;0;2;0;0;0;0;0;0;0;0;0;2;0;0;0;0
"jeœæ";0;0;0;0;0;0;0;0;0;0;1;0;0;0;1;0;0;0;0;0
"jêzyk";0;0;1;0;0;0;0;0;0;0;1;0;0;0;0;0;0;0;0;0
"kamieñ";0;0;0;0;1;0;0;0;0;0;1;0;0;0;1;0;0;0;0;0
"karmiæ";0;0;0;1;1;0;0;0;0;0;0;0;0;0;0;0;0;0;0;0
"kazaæ";1;0;0;1;0;0;0;0;0;0;0;0;0;0;0;0;0;0;0;0
"ka¿dy";0;0;0;0;1;0;1;5;1;0;0;0;0;2;2;0;1;0;0;0
"kierunek";1;0;1;0;0;0;0;0;0;0;0;0;0;0;0;0;0;0;0;0
"kilka";0;0;0;1;0;0;0;1;0;0;2;1;0;0;0;0;0;0;0;0
"kobieta";0;0;1;1;0;0;0;1;0;0;0;0;0;0;6;0;0;0;0;0
"kolano";0;1;0;0;3;0;0;0;0;0;0;0;0;0;0;0;0;0;0;0
"koniec";0;0;2;0;1;0;0;0;0;0;0;0;0;0;0;0;2;1;0;0
"koñ";1;0;5;0;0;0;0;0;0;0;0;0;0;0;0;0;0;0;0;0
"koñczyæ";1;0;0;0;0;0;0;0;0;0;0;0;0;0;0;0;1;0;0;0
"korona";0;0;0;0;0;0;0;0;0;1;0;0;1;0;0;0;0;0;0;0
"koœció³";0;0;0;0;0;0;0;0;0;0;0;0;0;2;0;1;0;0;0;0
"kraj";2;0;0;0;0;0;0;5;0;0;0;0;0;0;2;0;0;0;0;0
"kroki";0;0;0;0;0;0;0;0;0;0;0;1;0;0;0;0;0;0;0;1
"król";0;0;0;0;0;0;0;0;0;0;0;0;1;0;3;0;0;0;0;0
"królewski";1;0;0;0;0;0;0;0;0;0;0;0;0;0;3;0;0;0;0;0
"krótki";0;0;0;0;3;0;0;0;0;1;0;0;0;0;0;1;0;0;0;0
"kryjówka";0;0;0;0;0;0;0;0;0;1;0;1;0;0;0;0;0;0;0;0
"ksiê¿yc";0;0;0;0;0;0;0;0;0;0;0;0;1;0;0;0;0;0;2;0
"kszta³t";0;0;0;1;0;0;0;0;0;0;1;0;0;0;0;0;0;0;0;0
"który";0;0;0;1;1;0;0;0;0;0;0;0;0;0;0;1;0;0;0;1
"las";0;0;1;0;0;0;0;0;0;0;1;0;0;0;0;0;0;0;0;0
"lata";0;0;0;0;0;0;0;1;0;0;0;0;0;0;1;0;0;0;0;0
"ledwie";0;1;0;0;0;0;0;0;0;0;1;0;0;0;0;0;0;0;0;0
"lekcewa¿yæ";0;0;0;0;0;0;0;0;0;0;0;0;0;1;1;0;0;0;0;0
"lekki";0;1;0;1;0;0;0;0;0;0;0;0;0;0;0;0;0;0;0;1
"lepiej";0;0;0;0;0;0;1;0;0;0;0;0;0;1;0;0;0;0;0;0
"le¿eæ";0;0;3;0;0;0;0;0;0;0;1;1;0;0;4;0;0;0;0;0
"liczny";0;0;0;0;0;0;0;0;0;0;1;0;0;0;0;1;0;0;0;0
"liczyæ";0;0;0;1;0;0;0;0;0;0;0;0;0;0;1;0;0;0;0;0
"lina";1;0;0;0;0;0;0;0;0;0;0;0;0;0;1;0;0;0;0;0
"los";0;0;0;0;0;0;0;0;0;0;0;0;0;0;3;0;1;0;0;0
"lubiæ";0;0;0;1;0;0;0;0;0;0;0;0;0;2;0;0;0;0;0;0
"ludzi";0;0;0;0;0;1;0;1;2;0;0;0;0;0;1;2;0;0;0;0
"ludzie";0;0;0;1;0;0;0;5;0;0;0;0;0;0;2;0;0;0;0;0
"ludzki";0;0;0;0;0;1;0;0;1;0;1;0;0;0;0;0;0;0;0;0
"³adunek";0;0;0;0;0;0;0;0;1;0;0;0;0;0;1;0;0;0;0;0
"³añcuch";0;0;0;1;0;0;0;0;0;0;0;0;0;0;1;0;0;0;0;0
"³ó¿ko";0;0;0;1;0;0;0;0;0;0;0;0;0;0;0;0;0;1;0;0
"³za";0;0;0;0;1;0;0;0;0;0;0;0;0;0;0;2;0;0;0;0
"macka";0;0;0;0;0;1;0;0;1;0;0;0;0;0;0;0;1;0;0;0
"magiczny";0;0;3;0;0;0;0;0;1;0;0;0;0;0;0;0;0;0;0;0
"malutki";0;0;1;1;0;0;0;0;0;0;0;0;0;0;0;0;0;1;0;0
"ma³a";0;0;0;1;0;0;0;0;0;0;0;0;0;0;0;0;1;0;0;0
"ma³y";0;0;0;0;1;0;0;0;0;0;0;0;0;0;0;0;0;0;0;1
"mam";0;0;0;0;0;0;1;0;0;0;0;0;0;0;0;0;0;0;1;0
"martwy";1;0;0;0;0;0;0;0;0;0;0;0;0;0;0;0;0;0;0;1
"matka";0;0;0;0;3;0;3;0;0;0;0;0;0;0;0;0;0;0;0;0
"m¹¿";0;0;0;0;0;0;0;0;0;0;0;0;0;0;3;1;0;0;0;0
"mego";0;0;0;0;0;0;0;0;0;0;0;0;0;0;1;0;0;0;0;1
"mê¿czyzna";0;0;0;2;0;0;0;1;0;0;0;0;0;0;2;0;0;0;0;0
"mg³a";1;0;1;0;0;0;0;0;0;0;0;1;1;0;0;0;0;0;0;0
"mia³";0;0;0;0;0;0;0;1;0;0;0;0;0;0;0;0;0;0;1;0
"miasta";0;0;0;1;0;0;0;0;0;0;0;0;0;0;2;0;0;0;0;0
"miecz";0;0;1;1;0;0;0;0;0;0;0;0;0;0;2;0;0;0;0;0
"mieæ";0;0;0;3;1;0;0;1;0;0;0;0;0;1;0;0;0;1;0;0
"miejsce";0;0;0;3;2;0;0;0;0;0;0;0;0;0;0;1;0;0;1;1
"mieliæ";1;0;0;1;0;0;0;0;0;0;1;0;0;0;0;0;0;0;0;0
"miêdzy";0;0;0;0;1;0;0;1;0;0;0;0;0;0;3;0;0;0;0;0
"mn¹";0;0;0;0;0;0;0;0;0;0;0;0;0;0;2;0;0;0;1;0
"mocno";0;0;0;1;0;0;0;0;0;0;0;0;0;0;1;0;0;0;0;1
"moich";0;0;0;0;0;0;0;0;0;0;0;0;0;0;1;0;0;0;0;1
"moim";0;0;0;1;0;0;0;0;0;0;0;0;0;0;1;0;0;0;0;0
"moje";0;0;0;0;0;0;0;0;0;0;0;0;0;1;2;0;0;0;2;1
"molestowaæ";0;0;0;0;0;1;0;0;1;0;0;0;0;0;0;0;0;0;0;0
"morze";1;2;0;0;0;0;0;0;0;0;0;0;1;0;8;0;0;0;0;0
"móc";1;0;0;0;2;1;0;0;0;0;1;1;0;0;2;0;4;0;2;1
"mój";0;0;0;1;0;0;0;0;0;0;0;0;0;1;1;0;0;0;0;0
"mówiæ";0;0;0;0;0;2;1;0;0;0;1;0;1;0;9;0;0;1;0;0
"musieæ";1;0;1;1;0;0;0;1;1;0;1;0;0;0;1;0;0;0;0;0
"nabraæ";0;0;1;0;0;0;0;0;0;0;0;0;0;1;0;1;0;0;0;0
"naczynie";0;0;0;0;6;0;0;0;0;0;0;0;0;0;1;0;0;0;0;0
"nadal";1;1;0;0;0;0;0;0;0;0;0;0;0;0;0;0;0;0;0;0
"naga";0;1;1;0;0;0;0;0;0;0;0;0;0;0;0;0;0;0;0;0
"nag³y";0;0;0;0;0;0;0;0;0;1;1;0;1;0;0;1;1;0;1;2
"najlepszy";0;0;0;1;0;1;0;0;0;0;0;0;0;0;0;0;0;0;0;0
"najpierw";0;0;0;0;0;0;0;1;0;0;0;0;0;0;1;0;0;0;0;0
"najwiêcej";0;0;1;0;0;0;0;0;0;0;1;0;0;0;0;0;0;0;0;0
"napiæ";0;0;0;0;1;0;0;0;0;1;0;0;0;0;0;0;0;0;0;0
"naprzeciw";0;0;0;0;0;0;0;0;0;0;0;0;0;0;2;1;0;0;0;0
"nast¹piæ";0;0;0;0;0;0;0;1;0;0;0;0;0;0;0;0;1;0;0;0
"nasze";0;0;0;0;0;0;0;0;0;0;0;0;0;0;2;0;1;0;0;0
"naszego";0;0;0;0;0;0;0;0;1;0;0;0;0;0;1;0;0;0;0;0
"naszej";0;0;0;0;0;1;0;0;1;0;0;0;0;0;0;0;0;0;0;0
"naukowy";0;0;0;0;0;3;0;0;2;0;0;0;0;0;0;0;0;0;0;0
"nazywaæ";0;0;0;0;0;0;0;0;1;0;1;0;0;0;0;0;0;1;0;0
"ni¹";0;0;0;0;0;0;0;0;0;0;0;0;0;0;2;0;0;0;0;1
"niczym";0;0;2;1;2;0;0;0;0;0;0;0;0;0;0;0;0;0;1;0
"niebieski";0;0;1;0;0;0;0;0;0;0;0;0;0;0;0;2;0;0;0;0
"niebo";0;0;0;0;0;0;0;0;0;0;0;0;1;3;1;0;0;0;1;0
"niech";0;0;0;0;0;0;0;0;0;0;0;0;0;1;2;0;0;0;0;0
"niedostatek";0;0;0;0;0;0;1;0;0;0;0;0;0;0;1;0;0;0;0;0
"niego";1;2;0;2;3;0;0;0;0;0;0;0;0;1;9;2;0;0;0;0
"niektóry";0;0;2;0;0;0;0;1;0;0;0;0;0;0;0;1;0;0;0;0
"niemu";0;0;0;0;0;0;0;0;0;0;0;0;0;0;2;1;0;0;0;0
"niewiele";0;0;0;1;0;0;1;0;0;0;0;0;0;0;0;0;0;0;0;0
"nigdy";0;0;0;0;0;0;1;0;0;0;0;0;1;0;1;0;0;0;0;0
"nikt";0;0;0;0;0;0;0;1;0;0;0;0;0;0;0;0;0;0;2;0
"niski";0;0;0;1;0;0;0;0;0;0;5;0;0;0;0;0;0;0;0;0
"noc";0;0;0;0;0;0;0;0;0;2;1;1;0;0;0;2;0;0;0;0
"obce";0;0;0;0;0;1;0;0;2;0;0;0;0;0;0;0;0;0;0;1
"obecny";0;0;0;1;1;0;0;0;0;0;0;0;0;0;0;0;0;0;0;0
"obj¹æ";0;0;0;0;0;0;0;1;0;0;0;0;0;0;0;0;0;0;0;2
"obóz";0;0;0;0;0;0;0;0;0;0;0;0;0;0;1;1;0;0;0;0
"obu";0;1;0;0;0;0;0;1;0;0;0;0;0;0;0;1;0;0;0;0
"ockn¹æ";0;0;0;0;0;0;0;0;0;0;1;1;0;0;0;0;0;0;0;0
"oczach";0;0;0;0;1;0;0;0;0;0;0;0;0;0;0;0;0;1;0;0
"oczami";0;0;0;0;0;0;0;0;0;0;0;0;0;0;1;0;0;0;1;0
"oczu";0;0;0;0;0;0;0;0;0;1;0;0;0;0;0;0;0;1;0;0
"oczy";0;2;0;2;0;0;0;0;0;0;0;0;1;1;1;0;0;0;0;2
"oczywisty";0;0;0;0;1;0;0;1;0;0;0;0;0;0;0;0;0;0;0;0
"odnaleŸæ";0;0;0;0;0;0;0;0;0;0;0;0;0;1;0;0;1;0;0;1
"odpocz¹æ";0;0;0;0;0;0;0;0;0;0;0;1;0;0;1;0;0;0;0;0
"odpowiadaæ";2;0;0;0;0;0;0;0;0;0;0;0;0;0;1;0;0;1;0;0
"odpowiedzialnoœæ";0;0;0;1;0;1;0;0;0;0;0;0;0;0;1;0;0;0;0;0
"odpowiedzieæ";0;1;0;0;0;0;0;0;0;0;0;0;0;0;2;1;0;0;0;0
"odrzuciæ";0;1;0;0;0;0;0;0;0;0;0;0;0;0;0;0;0;0;1;0
"odwróciæ";0;0;0;1;0;0;0;0;0;0;0;0;0;0;0;0;0;0;1;0
"ofiara";0;0;0;0;0;0;0;0;0;0;0;0;0;0;5;1;0;0;0;0
"ogarn¹æ";0;0;0;1;0;0;0;0;0;0;0;0;0;0;1;0;0;0;0;0
"ogieñ";0;0;0;0;3;0;0;0;0;0;1;0;1;0;0;1;0;0;0;0
"ogóle";0;0;0;0;0;0;0;1;0;0;1;0;0;0;0;0;0;0;0;1
"ogromny";0;0;0;1;0;0;0;0;1;1;0;0;0;0;0;0;0;0;0;0
"ojciec";0;0;0;0;0;0;1;0;0;0;0;0;0;2;2;0;0;0;0;0
"okazywaæ";0;0;0;0;0;0;1;0;0;0;0;0;0;0;0;0;1;0;0;0
"okropny";1;0;0;1;0;0;1;0;0;0;0;0;0;0;0;0;0;0;0;0
"ona";0;0;1;0;1;0;0;0;0;0;0;0;0;0;1;2;0;0;0;0
"oni";0;0;0;0;0;0;0;0;0;0;1;0;0;0;0;1;0;0;0;0
"opowiadaæ";2;0;0;0;0;0;0;0;0;0;2;0;0;0;0;0;0;0;0;0
"opowieœæ";0;0;1;0;0;0;0;0;0;0;0;0;1;0;0;0;0;0;0;0
"oprzeæ";0;1;0;0;0;0;0;0;0;0;0;0;0;1;2;0;0;0;0;0
"opuœciæ";1;0;0;0;1;0;0;0;0;0;0;0;0;0;2;0;0;0;0;1
"osi¹gn¹æ";0;0;0;0;1;1;0;0;0;0;0;0;0;0;0;0;0;0;0;0
"osoba";0;0;0;0;0;6;0;1;2;0;0;0;0;0;0;2;0;0;0;0
"ostateczny";0;0;0;0;1;0;0;0;0;0;0;0;0;0;0;0;0;0;1;0
"ostatni";0;0;0;0;0;0;0;1;0;0;1;0;0;0;0;0;0;0;3;1
"ostro¿ny";0;3;1;1;0;0;0;0;0;0;0;0;0;0;0;0;0;0;0;0
"otch³añ";1;0;1;0;0;0;0;0;0;0;0;0;0;0;0;0;0;0;0;0
"otoczyæ";1;0;0;0;0;0;0;0;0;0;0;0;0;0;0;1;0;0;0;0
"owca";0;0;0;0;0;0;0;0;0;0;0;0;0;5;0;1;0;0;0;0
"owiec";0;0;0;0;0;0;0;0;0;0;1;0;0;2;0;0;0;0;0;0
"o¿ywiæ";0;0;0;0;0;0;0;0;0;0;0;0;1;0;0;1;0;0;0;0
"pacjent";0;0;0;0;0;1;0;0;2;0;0;0;0;0;0;0;0;0;0;0
"pana";0;0;0;0;2;0;0;0;0;0;0;0;0;0;8;0;0;0;0;0
"panie";0;0;0;1;0;0;0;0;0;0;0;1;0;0;2;0;0;0;0;0
"panu";0;0;0;1;1;0;0;0;0;0;0;0;0;0;2;0;0;0;0;0
"pañski";0;0;0;0;0;0;0;0;0;0;0;0;0;0;1;2;0;0;0;0
"parê";0;0;0;0;0;0;0;0;0;0;0;1;0;0;0;0;0;0;1;0
"patrzyæ";0;0;0;0;1;0;0;0;0;0;0;0;0;0;0;0;0;0;0;1
"pe³nia";0;0;0;0;0;0;0;1;0;0;0;0;0;0;1;0;0;0;0;0
"pe³ny";0;0;0;0;2;0;0;0;0;0;0;0;0;0;1;0;0;1;0;0
"pewne";1;0;0;0;0;0;0;1;0;0;0;0;0;0;0;0;0;0;0;0
"pewnego";0;0;0;0;2;0;0;0;0;0;0;0;0;0;1;1;1;0;0;0
"pewny";0;0;0;0;0;0;1;0;0;0;0;1;0;0;0;0;0;0;0;0
"piasek";0;0;1;0;0;0;0;0;0;0;0;0;0;0;0;0;0;0;2;0
"pierœ";0;1;0;0;4;0;0;0;0;0;0;0;0;0;0;0;0;0;0;0
"pierwszy";0;0;0;1;0;0;0;1;0;0;0;0;0;0;0;1;1;0;0;1
"pies";0;0;0;1;0;0;0;0;0;0;4;0;0;0;0;0;0;0;0;0
"piêkny";0;0;0;1;2;0;0;0;0;0;0;0;0;0;1;0;0;0;0;0
"pi³a";0;0;1;0;0;0;0;0;0;0;0;0;0;0;0;0;0;1;0;0
"plan";1;0;0;0;0;0;0;1;0;0;0;0;0;0;0;0;0;0;0;0
"pla¿a";1;0;3;0;0;0;0;0;0;0;0;0;0;0;0;0;0;0;0;0
"p³yn¹æ";0;0;0;0;1;0;0;0;0;0;0;0;0;0;1;0;0;0;0;0
"pochodnia";0;0;0;0;0;0;0;0;0;0;1;1;0;0;0;0;0;0;0;0
"pochodziæ";0;0;0;0;0;0;0;0;0;0;0;0;1;0;1;0;0;0;0;0
"poci¹gn¹æ";0;0;1;0;0;0;0;0;0;0;0;1;0;0;0;0;0;0;0;0
"pocz¹æ";0;0;0;0;0;0;0;0;0;0;0;0;0;0;1;0;0;0;1;0
"poczuæ";0;0;0;0;0;0;0;0;1;0;0;0;0;1;0;0;0;0;0;0
"podobny";0;0;0;0;0;0;0;0;0;0;1;0;0;0;1;0;0;0;1;0
"podstawowy";0;0;0;0;0;0;0;0;1;0;0;0;0;0;0;0;1;0;0;0
"podwórze";0;0;0;1;0;0;0;0;0;0;0;0;0;0;0;0;1;0;0;0
"poganin";0;0;0;0;0;0;0;0;0;0;0;0;0;1;1;0;0;0;0;0
"pokazaæ";0;0;0;1;0;0;1;0;0;0;0;0;0;0;0;0;0;0;0;0
"pokonaæ";0;0;0;0;0;0;0;0;0;0;1;0;0;0;0;2;0;0;0;0
"pokój";0;0;0;0;0;0;0;0;0;0;0;0;0;0;0;1;0;3;0;0
"pokryæ";0;0;0;1;0;0;0;0;0;0;0;0;0;0;0;1;0;0;1;0
"pole";0;0;0;0;0;0;0;0;0;0;0;0;0;0;1;0;1;0;0;0
"polegaæ";0;0;0;0;0;0;0;0;1;0;0;0;0;0;0;0;1;0;0;0
"po³o¿yæ";1;0;0;0;0;0;0;0;0;0;0;0;0;0;4;0;0;0;0;0
"pomiêdzy";0;1;0;0;0;0;0;0;1;1;0;0;0;0;1;1;0;0;0;0
"pomyœleæ";0;0;0;0;1;0;0;0;0;0;0;0;0;0;0;0;0;0;1;0
"pora";0;0;0;0;0;0;0;0;0;1;0;0;0;0;1;0;0;0;0;0
"poruszaæ";0;0;0;0;1;0;0;0;0;0;0;0;0;0;0;0;2;0;0;1
"poruszyæ";0;2;0;0;0;0;0;0;0;0;0;0;1;0;0;0;0;0;0;0
"porz¹dku";0;0;0;0;0;0;0;0;0;0;0;0;0;0;0;1;1;0;0;0
"pos³anie";0;1;0;0;0;0;0;0;0;0;0;0;0;0;1;0;0;0;0;0
"pos³aniec";0;0;0;0;0;0;0;0;0;0;0;0;0;0;4;2;0;0;0;0
"postanowiæ";1;0;0;0;0;0;0;0;0;1;0;0;0;0;0;0;0;0;0;0
"postawiæ";0;0;0;0;0;0;0;0;0;0;0;0;0;0;1;0;1;0;0;0
"postrzegaæ";0;0;0;0;0;0;0;1;1;0;0;0;0;0;0;0;0;0;0;0
"posuwaæ";0;0;0;0;0;1;0;0;0;0;0;0;0;0;0;0;1;0;0;0
"poszed³";0;0;0;0;0;0;0;0;0;0;0;0;0;1;1;0;0;0;0;0
"poœród";0;1;0;0;0;0;0;0;0;0;0;0;0;1;0;0;0;0;0;0
"poœwiêciæ";0;0;0;0;0;0;0;0;1;0;0;0;0;0;0;1;0;0;0;0
"potem";0;0;0;0;0;0;0;0;0;0;0;1;0;1;2;2;0;0;0;0
"powa¿ny";0;0;0;0;0;0;0;0;2;0;0;0;1;0;0;0;0;0;0;0
"powiedzieæ";0;0;0;1;0;0;0;0;0;0;1;0;1;0;5;1;2;0;0;2
"powierzchnia";0;1;2;0;0;0;0;0;0;0;0;0;0;0;0;0;0;0;0;1
"powoli";0;1;1;0;0;0;0;0;0;0;0;0;0;0;0;0;1;0;0;0
"powód";0;0;0;1;1;0;0;1;2;0;0;0;0;0;3;0;0;0;0;0
"powsta³y";0;0;0;0;0;0;0;1;0;0;0;0;0;0;2;0;0;0;0;0
"pozostaæ";0;0;0;0;0;0;0;1;0;0;0;0;0;0;2;0;0;0;1;0
"pozwalaæ";0;0;0;0;0;0;0;0;1;0;0;0;0;0;1;0;0;0;0;0
"pozwoliæ";0;0;0;0;3;0;0;0;0;1;0;0;0;0;0;0;0;0;0;0
"pójœæ";0;0;0;0;1;0;0;0;0;0;0;0;0;0;1;0;0;0;0;0
"pó³noc";0;0;0;0;0;0;0;0;0;1;1;0;0;0;0;0;0;1;0;0
"praca";1;0;0;0;1;0;0;0;0;0;0;0;0;0;0;0;0;0;0;0
"pragn¹æ";0;0;0;0;1;0;0;1;0;0;0;0;0;0;0;0;0;0;0;0
"prawa";0;0;0;0;0;0;0;1;0;0;0;0;0;0;1;0;0;0;0;0
"prawdopodobny";0;0;0;0;0;0;0;0;1;0;0;0;0;0;0;0;0;1;0;0
"prawdziwy";0;0;0;0;0;0;0;1;0;0;0;0;0;0;1;0;0;0;0;0
"prosiæ";0;0;0;1;0;0;0;0;0;0;0;0;0;1;2;1;1;0;0;0
"prostu";1;0;0;0;0;0;0;1;0;0;0;0;0;2;0;0;0;0;0;0
"próbowaæ";0;0;0;1;3;0;1;0;1;0;0;0;0;0;0;0;0;0;0;0
"próbuj¹c";0;0;0;0;1;0;1;0;0;0;0;0;0;0;0;0;0;0;0;0
"przecie¿";0;0;0;0;0;0;0;0;0;0;0;0;0;1;1;0;0;1;1;0
"przeciw";0;0;0;0;0;0;0;0;0;0;0;0;0;0;5;1;0;0;0;0
"przeciwko";0;0;0;0;0;0;0;1;0;0;0;0;0;0;4;0;0;0;0;0
"przeciwnik";0;0;0;0;0;0;0;1;0;0;0;0;0;0;1;0;0;0;0;0
"przedstawiaæ";0;0;0;2;0;0;1;0;0;0;0;0;0;0;0;0;0;0;0;0
"przedstawiæ";0;0;0;1;0;0;0;0;0;0;0;0;0;0;1;0;0;0;0;0
"przekonaæ";0;0;0;0;0;0;0;0;0;0;0;0;0;0;0;0;1;1;0;0
"przemóc";0;0;1;0;0;0;0;0;0;0;0;0;0;0;1;0;0;0;0;0
"przestaæ";0;0;0;0;0;0;0;0;1;0;0;0;0;0;3;0;0;0;0;0
"przewróciæ";0;0;0;0;0;0;0;0;0;0;0;0;0;0;0;0;0;0;1;1
"przyci¹gn¹æ";0;0;0;1;0;0;0;0;0;0;0;0;0;0;0;0;1;0;0;0
"przygotowaæ";0;0;0;0;0;0;0;0;0;0;0;0;0;0;1;0;0;1;0;0
"przyjemne";0;0;0;1;0;0;1;0;0;0;0;0;0;0;0;0;0;0;0;0
"przyjœæ";0;0;0;0;0;0;0;0;0;0;0;0;0;0;0;1;0;0;1;0
"przypadek";0;0;1;0;0;1;0;0;2;0;0;0;0;0;0;0;0;0;0;0
"przypominaæ";0;0;0;1;0;0;0;0;0;0;0;0;0;0;0;0;1;0;1;0
"przysz³y";0;1;0;0;0;0;0;0;0;0;0;0;0;0;2;1;0;0;0;0
"psychiatra";0;0;0;0;0;1;0;0;1;0;0;0;0;0;0;0;0;0;0;0
"ptak";1;0;1;0;0;0;0;0;0;0;0;0;0;0;0;0;0;0;0;0
"puœciæ";1;0;0;0;0;0;0;0;0;0;0;0;0;0;0;0;0;0;0;1
"pytanie";1;0;0;0;0;0;0;0;0;0;0;0;0;0;0;0;0;1;0;0
"raczej";0;0;1;1;0;1;0;0;0;0;0;0;0;0;0;0;0;0;1;1
"radosny";0;0;0;0;0;0;0;0;0;0;0;0;0;0;1;1;0;0;0;0
"radoœæ";0;0;0;0;0;0;0;0;0;0;0;0;0;1;2;0;0;0;0;0
"ramiê";0;2;0;1;0;0;0;0;0;0;0;0;0;0;1;0;0;0;0;1
"raz";0;0;0;0;0;0;0;0;0;1;0;0;0;0;0;0;0;0;1;2
"razem";1;0;0;0;1;0;0;1;0;0;0;0;0;0;0;0;0;0;0;0
"rêka";0;0;0;2;0;0;1;0;0;0;1;0;0;0;8;0;1;0;0;4
"roboty";0;0;0;0;0;0;0;0;0;0;1;0;0;0;0;0;0;0;1;0
"rodzaj";0;0;0;0;0;0;0;0;1;0;0;0;0;0;0;0;1;0;0;0
"rozbiæ";0;0;0;0;1;0;0;0;0;0;0;0;0;0;1;0;0;0;0;0
"rozmawiaæ";1;0;0;0;0;0;1;0;0;0;0;0;0;0;0;0;0;0;0;0
"rozpoznawaæ";0;0;1;0;0;0;0;0;0;1;0;0;0;0;0;0;0;0;0;0
"rozwa¿aæ";0;0;0;0;0;0;0;1;0;0;0;0;0;0;0;2;0;0;1;0
"ród";0;0;0;0;0;0;0;0;0;0;0;0;1;0;1;0;0;0;0;0
"równia";0;0;0;0;0;1;0;0;0;0;1;0;0;0;0;0;0;0;0;0
"ró¿ny";0;0;0;0;0;0;0;0;0;0;1;0;0;0;0;0;1;0;0;0
"ruch";1;3;0;0;0;0;0;0;0;0;0;0;0;0;0;0;1;0;0;0
"ruszyæ";0;0;1;0;0;0;0;0;0;0;0;0;0;1;0;0;0;0;0;0
"ryba";0;0;1;0;0;0;0;0;0;0;0;0;0;0;0;0;0;0;1;1
"rzecz";0;0;0;0;2;0;0;0;0;0;1;0;0;0;0;0;0;0;0;0
"rzeczywistoœæ";0;0;1;0;0;0;0;0;1;0;0;0;0;0;0;0;0;0;0;0
"rzek³";0;0;0;2;1;0;0;0;0;0;0;0;0;0;7;0;0;0;0;0
"rzekomy";0;0;0;0;0;2;0;1;2;0;0;0;0;0;0;0;0;0;0;0
"rzuciæ";0;0;0;0;0;0;0;0;0;0;0;1;0;1;4;0;0;0;0;0
"sam";0;0;1;0;0;0;0;0;0;1;1;2;0;0;2;0;0;0;0;1
"sama";0;0;1;1;0;0;0;1;0;0;0;0;0;0;0;0;0;0;0;0
"sami";1;0;0;0;0;0;0;1;0;0;0;0;0;0;0;0;1;0;0;0
"sceptyczny";0;0;0;0;0;1;0;0;1;0;0;0;0;0;0;0;0;0;0;0
"schody";0;0;0;1;0;0;0;0;0;0;0;0;0;0;0;0;0;0;0;1
"seksualny";0;0;0;0;0;2;0;0;1;0;0;0;0;0;0;0;0;0;0;0
"senny";0;0;0;1;0;0;0;0;0;0;2;0;0;0;0;0;0;0;0;0
"serce";0;0;0;0;0;0;0;0;0;0;0;0;0;0;1;3;0;0;0;1
"siebie";0;0;0;0;1;2;0;1;0;0;0;0;0;0;0;1;0;0;0;0
"siedzenie";0;0;0;0;0;0;0;0;0;0;1;0;0;0;0;0;0;0;1;0
"siedzieæ";0;0;0;0;1;0;0;0;0;0;2;0;1;0;0;0;0;1;1;0
"silny";0;0;0;0;0;1;0;0;0;0;0;0;0;0;0;1;0;0;0;0
"si³a";0;0;0;0;0;0;0;0;0;0;0;0;0;0;2;0;0;0;1;0
"siwy";0;0;0;0;0;0;0;0;0;0;1;0;0;0;0;0;0;1;0;0
"ska³a";1;0;1;0;0;0;0;0;0;0;0;0;0;0;0;1;0;0;0;0
"skierowaæ";0;0;1;0;0;0;0;0;0;0;0;0;0;0;3;0;0;0;0;0
"skoñczony";0;0;1;0;0;0;0;0;0;0;0;0;1;0;0;0;0;0;0;0
"skóra";0;2;0;1;0;0;0;0;0;0;0;0;0;0;0;0;0;0;0;0
"skraj";0;0;1;0;0;0;0;0;0;1;0;1;0;0;0;0;0;0;0;0
"s³oñce";1;0;0;0;0;0;0;0;0;0;0;0;0;0;0;0;0;1;0;0
"s³owo";1;0;0;0;0;0;1;0;0;0;2;0;0;1;3;0;2;0;0;0
"s³uchaæ";0;0;0;0;0;0;0;0;0;0;1;0;0;0;0;1;0;0;0;0
"s³uga";0;0;0;0;0;0;0;0;0;0;0;0;0;0;5;2;0;0;0;0
"s³up";1;0;0;0;0;0;0;0;0;0;2;0;0;0;0;0;0;0;0;0
"s³yszeæ";0;0;3;0;0;0;0;0;0;0;1;0;0;0;0;0;0;0;0;0
"smok";0;0;0;2;0;0;0;0;0;0;1;0;0;0;0;0;0;0;0;0
"smutek";0;0;0;0;0;0;1;0;0;0;0;0;0;0;0;1;0;0;0;0
"sob¹";0;0;0;0;0;0;0;0;0;0;0;1;0;1;2;1;0;0;0;0
"spod";0;1;0;0;0;0;0;0;0;0;1;0;0;0;0;0;0;0;0;0
"spokojny";0;1;0;0;1;0;0;0;0;0;0;0;0;0;0;0;0;0;0;0
"sposób";0;0;0;1;0;0;0;0;1;1;0;0;0;0;0;0;0;0;0;0
"spoœród";0;0;0;0;0;0;0;1;0;0;0;0;1;0;1;0;0;0;0;0
"sprawa";0;0;0;0;0;0;1;0;0;0;0;0;0;1;0;0;0;0;0;0
"sprawiæ";0;0;0;0;1;0;1;0;0;0;0;0;0;0;0;0;0;0;0;0
"sprzymierzeniec";0;0;0;0;0;0;0;1;0;0;0;0;0;0;0;1;0;0;0;0
"srebrny";0;0;0;1;0;0;0;0;0;0;1;0;0;0;0;0;0;0;0;0
"staæ";0;0;0;1;0;0;0;0;0;0;0;0;0;0;2;1;1;0;0;4
"stan";1;0;0;0;0;1;0;5;0;0;0;0;0;0;0;0;1;0;0;0
"stanowiæ";0;0;0;0;0;1;0;0;2;1;0;0;0;0;0;0;0;0;0;0
"stola";0;0;0;0;0;0;0;0;0;0;2;0;0;0;0;0;1;0;0;0
"stopieñ";0;0;1;0;0;0;0;1;0;0;0;0;0;0;0;0;0;0;0;0
"stó³";0;0;1;0;0;0;0;0;0;0;5;0;0;0;1;0;0;0;0;0
"strach";0;0;0;0;0;0;0;1;0;0;0;0;0;0;2;0;0;0;0;0
"strona";0;0;0;0;0;0;0;6;0;0;1;0;0;0;0;1;1;1;1;1
"stworzyæ";0;0;0;0;0;0;0;2;0;0;0;0;0;0;1;0;0;0;0;0
"suknia";0;0;0;1;0;0;0;0;0;0;0;0;0;0;0;1;0;0;0;0
"swe";0;0;0;0;1;0;0;0;0;0;0;0;0;0;0;2;0;0;0;0
"swego";0;0;0;0;3;0;0;0;0;0;0;0;0;1;7;2;0;0;0;0
"swej";0;0;0;0;1;0;0;0;0;0;0;0;0;0;1;0;0;0;0;0
"swoich";0;0;0;0;0;0;1;0;1;0;0;0;0;0;0;0;0;1;0;0
"swoim";0;0;0;0;1;0;1;0;0;0;0;0;0;0;0;0;0;0;0;0
"swoj¹";0;0;0;0;1;1;1;0;0;0;0;0;0;0;0;0;0;0;0;0
"swój";0;0;0;0;0;0;0;0;0;0;0;0;0;0;2;1;0;0;0;0
"swych";0;0;0;0;2;1;0;2;1;0;0;0;0;0;1;1;0;0;0;0
"swym";0;1;0;0;0;0;1;0;1;0;1;0;0;0;1;0;0;0;0;0
"syn";0;0;0;0;0;0;0;0;0;0;0;0;0;1;5;0;0;0;0;0
"syna";0;0;0;0;1;0;0;0;0;0;0;0;0;0;4;0;0;0;0;0
"synu";0;0;0;0;0;0;0;0;0;0;0;0;0;1;1;0;0;0;0;0
"szcz¹tek";0;0;0;0;0;0;0;0;0;0;0;0;0;0;0;0;1;0;1;0
"szczególny";0;0;0;0;0;0;0;0;1;0;1;0;0;0;0;1;0;0;0;0
"szczyt";0;0;1;0;1;0;0;0;0;0;0;0;1;0;0;0;0;0;0;0
"szko³a";0;0;0;0;0;1;1;0;0;0;0;0;0;0;0;0;0;0;0;0
"sztywno";1;0;0;1;0;0;0;0;0;0;0;0;0;0;0;0;0;0;0;0
"szukaæ";0;0;0;0;1;0;0;0;0;0;0;0;0;1;1;0;0;0;0;0
"szybki";0;0;0;2;0;0;0;0;1;0;1;0;0;0;0;0;0;0;0;0
"œciana";0;0;0;0;0;1;0;0;0;0;2;0;0;0;0;0;0;0;0;0
"œmieræ";0;0;0;0;0;0;1;0;0;0;0;0;0;0;0;1;0;0;1;0
"œmiertelny";0;0;1;0;0;0;0;1;0;0;0;0;0;0;0;0;0;0;0;0
"œwiadek";0;0;0;0;0;0;0;0;1;0;0;0;0;1;0;0;0;0;1;0
"œwiata";0;0;0;0;0;0;0;0;1;0;0;0;1;0;0;0;1;0;0;0
"œwiat³o";0;0;0;1;0;0;0;0;0;0;1;0;0;0;0;0;0;0;0;1
"tabliczka";0;0;0;0;0;0;0;0;0;0;0;0;0;0;1;0;0;1;0;0
"taki";0;0;0;1;0;0;0;0;1;0;0;0;0;0;0;0;0;0;0;1
"teatr";0;0;0;1;0;0;0;0;0;0;0;0;0;0;0;0;0;0;1;0
"teoria";0;0;0;0;0;0;0;1;0;0;0;0;0;0;0;0;0;0;1;0
"terapeuta";0;0;0;0;0;5;0;0;4;0;0;0;0;0;0;0;0;0;0;0
"t³umaczyæ";0;0;0;0;1;0;0;0;0;0;0;0;0;0;0;0;1;0;0;0
"trochê";0;0;0;1;0;0;0;0;0;0;0;0;0;1;0;0;0;2;0;0
"trwaæ";0;0;0;0;0;0;0;1;0;0;0;0;0;0;1;0;0;0;1;0
"trzech";0;0;0;0;0;0;0;0;0;0;0;0;0;1;1;0;0;0;0;0
"trzeci";0;0;0;0;0;2;0;0;0;0;0;0;0;0;0;0;0;1;0;0
"trzej";0;0;0;0;0;0;0;0;0;1;0;0;0;1;0;0;0;0;0;0
"trzy";0;0;0;0;0;0;0;0;0;0;0;0;0;0;0;1;0;1;1;0
"trzymaæ";1;0;0;0;1;0;0;0;0;0;0;0;0;0;1;0;0;0;0;2
"tu¿";0;0;1;0;0;0;0;0;0;0;0;0;0;0;0;0;0;0;0;1
"twardy";0;0;0;0;0;0;0;0;0;0;0;0;0;0;1;1;0;0;0;0
"twarz";0;3;0;2;1;0;0;0;0;0;0;0;1;0;0;0;0;1;0;2
"twego";0;0;0;0;0;0;0;0;0;0;0;0;0;0;2;1;0;0;0;0
"twoja";0;0;0;0;0;0;1;0;0;0;0;0;0;0;2;0;0;0;0;0
"twoje";0;0;0;0;0;0;1;0;0;0;0;0;0;0;0;1;0;0;0;0
"twój";0;0;0;0;0;0;0;0;0;0;0;0;0;1;4;0;0;0;0;0
"twych";0;0;0;0;0;0;1;0;0;0;0;0;0;0;1;0;0;0;0;0
"tygodniu";0;0;0;0;1;0;0;0;0;0;0;0;0;0;0;1;0;0;0;0
"tyle";0;0;0;0;0;0;0;0;1;0;0;0;0;0;2;0;1;0;0;0
"ty³";0;1;0;0;1;0;0;0;0;0;0;0;0;0;0;0;0;0;1;0
"tysi¹c";0;0;0;0;0;0;0;1;0;0;0;0;0;0;1;0;0;0;0;0
"uciekaæ";0;0;0;0;1;0;0;0;0;0;0;0;0;0;1;0;0;0;0;0
"uczucie";0;0;0;0;1;0;0;0;0;0;0;0;0;0;0;0;0;0;1;0
"uczyniæ";0;0;0;0;0;1;0;0;0;0;0;0;0;0;5;0;0;0;0;0
"udaæ";0;0;0;0;2;0;0;0;0;0;0;0;0;0;1;0;0;0;2;0
"ujrzeæ";0;0;0;0;0;0;0;0;0;0;0;0;0;0;0;2;0;0;1;0
"unieœæ";0;0;1;0;0;0;0;0;0;0;0;0;0;0;1;0;0;0;0;0
"unikaæ";1;0;0;0;0;0;0;0;1;0;0;0;0;0;0;0;0;0;0;0
"upomnieæ";0;0;0;0;0;0;0;0;0;0;0;0;0;1;1;0;0;0;0;0
"urodziæ";0;0;0;1;0;0;0;0;0;0;0;0;1;0;1;0;0;0;0;0
"usta";0;1;0;1;0;0;0;0;0;0;1;0;0;0;0;0;0;1;0;1
"uszu";0;0;1;0;0;0;0;0;0;0;1;0;0;0;0;0;0;0;0;0
"uœmiechn¹æ";0;1;0;0;1;0;0;0;0;0;0;0;0;0;0;0;0;0;0;0
"uwaga";0;0;0;1;3;0;0;0;2;0;0;0;0;1;0;0;0;0;0;0
"uwa¿aæ";0;0;0;0;0;1;0;1;0;0;0;0;0;0;0;0;0;0;0;0
"uzyskaæ";0;0;0;0;0;0;0;0;1;0;0;0;0;0;0;0;1;0;0;0
"u¿yæ";0;0;0;1;0;0;0;1;0;0;0;0;0;0;0;0;0;0;0;0
"walka";0;0;0;0;0;0;0;0;0;0;0;0;0;0;1;1;0;0;1;0
"wam";0;0;0;0;0;0;0;0;0;0;0;0;0;2;1;0;0;0;0;0
"warga";0;0;1;3;0;0;0;0;0;0;0;0;0;0;0;0;0;0;0;0
"was";0;0;0;0;0;0;0;0;0;0;0;0;0;1;0;2;0;0;0;0
"wci¹¿";0;0;0;1;0;0;2;0;0;0;1;0;0;0;0;0;0;0;1;0
"wed³ug";0;0;0;0;0;0;0;0;0;0;0;0;0;0;0;2;0;3;0;0
"wejœæ";0;1;0;0;0;0;0;0;0;0;1;0;0;0;1;0;0;0;0;1
"widoczny";0;0;1;0;0;0;0;0;0;0;0;0;0;0;0;0;0;1;0;0
"widok";0;0;0;0;1;0;0;0;0;0;0;0;0;0;0;0;0;1;1;0
"widz¹c";0;0;0;1;2;0;0;0;0;0;0;0;0;0;0;0;0;0;1;0
"widzieæ";0;0;0;0;0;0;0;0;0;0;1;0;0;0;0;0;0;0;0;5
"wieczny";0;0;1;0;1;0;0;0;0;0;0;0;0;0;0;0;0;0;0;0
"wiedzieæ";0;0;0;1;2;0;1;0;0;0;1;0;0;0;4;0;0;0;2;2
"wiedŸmin";3;1;0;0;0;0;0;0;0;0;0;0;0;0;0;0;0;0;0;0
"wiele";0;0;0;1;2;2;0;1;0;0;0;0;0;0;0;1;0;0;0;0
"wielki";0;0;0;1;2;0;1;0;0;0;1;0;0;0;5;5;0;1;0;0
"wielkie";0;1;2;0;0;0;0;0;0;0;0;0;0;0;1;0;0;0;1;0
"wielu";0;0;0;0;0;0;0;3;3;0;1;0;0;0;1;0;0;0;0;0
"wieœæ";0;0;0;0;0;0;0;0;0;0;0;0;0;0;1;1;0;0;0;0
"wiêcej";0;0;0;0;1;0;1;0;0;0;0;0;0;1;2;0;0;0;1;0
"wiêkszoœæ";1;0;0;0;0;1;0;1;0;0;0;0;0;0;0;0;0;0;0;0
"wiêkszy";0;0;0;0;0;0;0;1;0;0;1;0;0;0;0;0;0;0;0;0
"wina";1;0;0;0;0;2;0;0;0;0;0;0;0;0;4;0;0;0;0;0
"wkrótce";0;0;0;0;0;0;0;0;0;1;1;0;0;0;0;0;0;0;0;0
"wleŸæ";0;0;0;0;0;0;0;0;0;0;0;0;0;0;0;0;0;1;0;1
"w³asny";0;0;0;0;0;0;0;1;1;0;1;0;0;0;1;0;1;1;0;0
"w³aœciwy";0;0;0;0;0;0;0;0;1;0;0;0;0;0;1;0;1;0;1;0
"w³osy";0;2;0;0;1;0;0;0;0;0;0;0;0;0;1;0;0;1;0;0
"wobec";0;0;0;0;0;0;0;0;0;0;1;0;0;0;2;0;0;0;0;0
"woda";2;0;5;0;0;0;0;0;0;1;0;0;0;0;6;0;0;2;0;5
"wojna";0;0;0;0;0;0;0;1;0;0;0;0;0;0;0;1;0;0;0;0
"wojsko";0;0;0;1;0;0;0;0;0;0;0;0;0;0;1;6;0;0;0;0
"wokó³";0;0;0;0;1;0;0;0;0;0;2;0;0;0;0;0;0;0;0;0
"woli";0;0;0;0;0;0;0;0;0;0;1;0;0;0;0;1;0;0;0;0
"wolna";0;0;0;0;0;0;0;0;0;0;0;1;1;0;0;0;0;0;0;0
"wolny";0;1;0;0;3;0;0;0;0;0;0;0;0;0;0;0;0;0;0;0
"wp³yw";0;0;0;0;1;2;0;0;0;0;0;0;0;0;0;1;0;0;0;0
"wra¿enie";0;0;1;0;0;0;0;0;0;0;0;0;0;0;0;0;0;0;1;0
"wróciæ";0;0;0;0;1;0;0;0;0;0;1;0;0;0;1;0;0;0;1;1
"wrzask";1;0;0;0;0;0;0;0;0;0;0;1;0;0;0;0;0;0;0;0
"wschód";0;0;0;0;0;0;0;0;0;1;1;0;0;0;0;0;0;0;0;0
"wspi¹æ";0;1;0;0;0;0;0;0;0;1;0;0;0;0;0;0;0;0;0;0
"wszyscy";0;0;1;1;0;0;0;0;0;1;1;0;0;0;1;0;0;0;0;0
"wszystkich";0;0;0;0;1;0;0;0;0;0;0;0;0;1;0;0;0;0;0;0
"wszystkie";1;0;0;0;1;0;0;0;0;0;0;0;0;0;1;1;2;0;1;0
"wtedy";0;0;0;1;5;0;0;0;0;0;0;0;0;0;5;2;0;0;0;0
"wyci¹gaæ";0;0;0;0;0;0;0;0;1;0;1;0;0;0;0;0;0;0;0;0
"wydawaæ";0;1;0;0;0;1;0;0;0;0;2;0;0;0;0;0;1;0;0;0
"wydobyæ";0;0;0;0;0;0;0;0;0;0;0;0;0;0;1;0;0;0;0;1
"wygl¹daæ";0;0;2;0;0;0;0;0;0;0;0;0;0;0;0;0;0;0;1;0
"wygodny";0;0;0;0;0;0;0;0;0;1;1;0;0;0;0;0;0;0;0;0
"wyjaœniæ";0;0;0;0;0;0;0;0;1;0;0;0;0;0;0;0;1;0;1;0
"wyjœcie";0;0;0;0;0;0;0;1;0;0;0;0;0;0;1;0;0;0;0;0
"wynieœæ";0;0;0;0;0;0;0;0;0;0;0;0;0;0;1;0;0;0;0;1
"wype³niæ";0;0;0;0;0;0;0;0;0;0;0;0;0;0;2;0;1;0;0;0
"wyrwaæ";0;1;0;0;0;0;0;0;0;0;0;0;0;0;0;0;1;0;0;0
"wys³aæ";0;0;0;0;0;0;0;0;0;0;0;0;0;0;1;2;0;0;0;0
"wysoki";0;0;0;0;0;0;0;0;0;0;1;1;0;0;0;0;0;0;0;0
"wystêpowaæ";0;0;0;0;0;1;0;0;3;0;0;0;0;0;0;0;0;0;0;0
"wywodziæ";0;0;0;0;0;0;0;0;0;0;0;0;1;0;0;1;0;0;0;0
"wzgórze";0;0;1;0;0;0;0;0;0;0;0;0;1;0;0;0;0;0;0;0
"wzi¹æ";0;0;0;1;0;0;0;0;0;0;0;0;0;1;7;0;0;0;0;0
"wzrok";2;0;0;0;0;0;0;0;0;0;0;0;0;0;2;0;0;0;0;0
"zaburzenie";0;0;0;0;0;1;0;0;1;0;0;0;0;0;0;0;0;0;0;0
"zacz¹æ";0;0;0;0;6;0;0;0;0;0;2;0;0;0;2;1;0;0;0;2
"zadawaæ";1;0;0;0;0;0;0;0;0;0;0;0;0;0;0;0;0;1;0;0
"zadziwiaj¹cy";0;1;0;0;0;0;0;0;1;0;0;0;0;0;0;0;0;0;0;0
"zaj¹æ";0;0;0;0;1;0;0;0;0;0;0;0;0;0;0;1;0;0;0;0
"zanim";0;0;0;0;0;0;0;1;0;0;1;0;0;0;0;0;0;0;0;0
"zapach";1;0;0;1;0;0;0;0;0;0;0;0;0;0;0;0;0;0;0;0
"zapad³y";0;0;0;0;0;0;0;0;0;1;1;0;0;0;0;0;0;0;0;0
"zapaliæ";0;0;0;0;0;0;0;0;0;0;1;0;0;0;0;0;0;1;0;0
"zapomnieæ";0;0;1;0;0;1;0;0;0;0;1;0;0;0;0;0;0;0;0;0
"zapytaæ";0;0;0;0;0;0;0;0;0;0;0;0;0;0;1;1;0;0;0;0
"zaraz";0;0;0;0;0;0;0;0;0;0;1;0;0;0;1;0;0;0;0;0
"zarazem";0;0;0;0;0;0;0;0;0;1;0;0;0;0;0;0;0;0;1;0
"zasada";0;0;0;0;0;0;0;1;1;0;0;0;0;0;0;0;0;0;0;0
"zaskoczyæ";1;0;0;0;0;0;0;0;1;0;0;0;0;0;0;0;0;0;0;0
"zastanawiaæ";0;0;0;0;0;0;0;1;0;0;0;0;0;1;0;0;1;0;0;0
"zatem";0;0;0;0;0;0;0;0;0;0;0;0;0;1;1;0;0;0;0;0
"zawiesiæ";0;1;0;0;1;0;0;0;0;0;0;0;0;0;0;0;0;0;0;0
"zawodziæ";0;0;1;0;0;0;0;0;0;0;1;0;0;0;0;0;0;0;0;0
"zawo³aæ";0;0;0;1;0;0;0;0;0;0;0;0;0;0;1;0;0;0;0;0
"zawróciæ";0;0;0;0;0;0;0;0;0;1;0;0;0;0;1;0;0;0;0;0
"zawsze";0;0;0;1;1;0;0;0;0;0;0;0;0;0;0;1;0;0;0;0
"z¹b";0;0;1;1;0;0;0;0;0;0;0;0;0;0;0;0;0;1;0;0
"zbli¿yæ";0;1;1;0;0;0;0;0;0;0;0;0;0;0;1;0;0;0;0;0
"zbudowaæ";0;0;0;1;0;0;0;0;0;0;0;0;0;0;1;0;1;0;0;0
"zbudziæ";0;1;0;0;0;0;0;0;0;1;0;0;0;0;0;0;0;0;0;0
"zbyt";0;0;0;1;0;0;0;0;0;0;0;0;0;0;0;0;1;0;0;1
"zdj¹æ";0;0;0;0;1;0;0;0;0;0;0;0;0;0;1;0;0;1;0;0
"zebraæ";0;0;0;0;0;0;0;0;0;0;0;0;0;1;2;1;0;0;0;0
"zgin¹æ";0;0;0;0;0;0;0;0;0;0;0;0;0;1;4;0;0;0;0;0
"zgodny";0;0;0;0;1;0;0;0;0;0;0;0;0;1;0;0;0;0;0;0
"zgromadzenie";0;0;0;0;0;0;1;0;0;0;1;0;0;0;0;0;0;0;0;0
"ziemia";0;0;0;0;0;0;0;0;0;1;0;1;0;3;0;0;0;0;1;0
"zimny";0;0;2;0;0;0;0;0;0;0;0;0;0;0;0;0;0;1;0;1
"zjawisko";0;0;1;0;0;0;0;0;4;0;0;0;0;0;0;0;0;0;0;0
"z³o¿yæ";0;0;0;0;0;0;0;0;0;0;0;0;0;0;3;0;0;0;1;0
"z³y";0;0;0;0;0;0;0;1;0;0;0;0;0;0;1;0;0;0;0;0
"zmêczyæ";0;0;0;0;1;0;0;0;0;0;0;1;0;0;0;0;0;0;0;0
"znaæ";0;0;1;0;0;0;0;1;2;0;0;0;0;0;0;0;1;0;0;0
"znajdowaæ";1;0;0;0;0;0;0;0;0;0;0;0;0;0;1;0;0;0;0;0
"znaleŸæ";1;0;0;0;0;0;0;0;0;0;0;1;0;0;1;0;0;0;0;1
"znieœæ";0;0;0;0;0;0;0;1;0;0;0;0;0;0;0;0;0;0;1;0
"znów";0;0;0;0;3;0;0;0;0;0;0;0;0;0;1;0;0;1;0;0
"zobaczyæ";0;1;0;0;1;0;0;0;0;0;0;0;0;0;1;0;0;0;1;1
"zostaæ";0;0;0;0;0;1;0;0;0;0;0;0;0;1;4;2;0;0;0;2
"zreszt¹";0;0;0;1;0;0;1;0;0;0;0;1;0;0;0;0;1;0;0;0
"zrobiæ";0;0;0;3;0;0;0;0;0;0;0;0;0;1;0;0;0;0;0;0
"zrzuciæ";0;1;0;0;0;0;0;0;0;0;0;0;0;0;1;0;0;0;0;0
"zupe³ny";0;0;1;0;0;0;0;0;0;0;1;0;0;0;0;0;1;0;1;1
"zwaæ";2;0;0;0;0;0;0;0;0;0;0;0;0;0;0;1;0;0;0;0
"zwa¿aæ";0;0;0;0;0;0;0;0;0;0;1;0;0;0;1;0;0;0;0;0
"zwi¹zaæ";0;0;0;0;5;0;0;0;0;0;0;0;0;2;0;0;0;0;0;0
"zwi¹zek";0;0;0;0;0;0;0;2;0;0;0;0;1;0;0;0;0;0;0;0
"zwracaj¹c";0;0;0;1;0;0;0;0;1;0;0;0;0;0;0;0;0;0;0;0
"zwyciêstwo";0;0;0;0;0;0;0;0;0;0;0;0;0;0;0;3;0;0;1;0
"zwyk³y";0;0;0;0;0;1;0;1;0;1;1;0;1;0;0;0;0;0;0;0
"zza";1;0;1;0;0;0;0;0;0;0;0;0;0;0;0;0;0;0;0;0
"¿aden";1;0;1;0;0;0;0;0;0;0;0;0;0;0;1;0;2;0;0;0
"¿elazny";1;0;0;0;0;0;0;0;0;0;0;0;0;0;2;0;0;0;0;0
"¿o³nierz";0;0;0;1;0;0;0;0;0;0;0;0;0;0;1;0;0;0;0;0
"¿ycie";0;0;0;0;1;0;1;0;1;0;0;0;0;0;5;3;0;0;0;0
"¿ywy";1;0;1;0;0;0;0;1;0;0;0;0;0;0;0;1;1;0;1;0
